<?xml version="1.0" encoding="UTF-8"?><MD_Metadata xmlns:xlink="http://www.w3.org/1999/xlink" xmlns:srv="http://www.isotc211.org/2005/srv" xmlns:gts="http://www.isotc211.org/2005/gts" xmlns:xalan="http://xml.apache.org/xalan" xmlns:gco="http://www.isotc211.org/2005/gco" xmlns:gml="http://www.opengis.net/gml" xmlns:xsi="http://www.w3.org/2001/XMLSchema-instance" xmlns="http://www.isotc211.org/2005/gmd">
    <fileIdentifier>
        <gco:CharacterString>1585858760257r7172201567028369</gco:CharacterString>
    </fileIdentifier>
    <language>
        <LanguageCode codeList="http://www.loc.gov/standards/iso639-2/php/code_list.php" codeListValue="eng" codeSpace="ISO639-2">eng</LanguageCode>
    </language>
    <characterSet>
        <MD_CharacterSetCode codeList="http://www.isotc211.org/2005/resources/Codelist/gmxCodelists.xml#MD_CharacterSetCode" codeListValue="utf8" codeSpace="ISOTC211/19115">utf8</MD_CharacterSetCode>
    </characterSet>
    <hierarchyLevel>
        <MD_ScopeCode codeList="http://www.isotc211.org/2005/resources/Codelist/gmxCodelists.xml#MD_ScopeCode" codeListValue="dataset" codeSpace="ISOTC211/19115">dataset</MD_ScopeCode>
    </hierarchyLevel>
    <contact>
        <CI_ResponsibleParty>
            <organisationName>
                <gco:CharacterString>U.S. Geological Survey, National Geospatial Technical Operations Center</gco:CharacterString>
            </organisationName>
            <contactInfo>
                <CI_Contact>
                    <phone>
                        <CI_Telephone>
                            <voice>
                                <gco:CharacterString>1-800-ASK-USGS</gco:CharacterString>
                            </voice>
                        </CI_Telephone>
                    </phone>
                    <address>
                        <CI_Address>
                            <deliveryPoint>
                                <gco:CharacterString>PO Box 25046, MS 510, DFC</gco:CharacterString>
                            </deliveryPoint>
                            <city>
                                <gco:CharacterString>Denver</gco:CharacterString>
                            </city>
                            <administrativeArea>
                                <gco:CharacterString>CO</gco:CharacterString>
                            </administrativeArea>
                            <postalCode>
                                <gco:CharacterString>80225</gco:CharacterString>
                            </postalCode>
                            <country>
                                <gco:CharacterString>U.S.</gco:CharacterString>
                            </country>
                            <electronicMailAddress>
                                <gco:CharacterString>N/A</gco:CharacterString>
                            </electronicMailAddress>
                        </CI_Address>
                    </address>
                </CI_Contact>
            </contactInfo>
            <role>
                <CI_RoleCode codeList="http://www.isotc211.org/2005/resources/Codelist/gmxCodelists.xml#CI_RoleCode" codeListValue="pointOfContact" codeSpace="ISOTC211/19115">pointOfContact</CI_RoleCode>
            </role>
        </CI_ResponsibleParty>
    </contact>
    <dateStamp>
        <gco:Date>2020-02-07</gco:Date>
    </dateStamp>
    <metadataStandardName>
        <gco:CharacterString>NAP - Metadata</gco:CharacterString>
    </metadataStandardName>
    <metadataStandardVersion>
        <gco:CharacterString>1.2</gco:CharacterString>
    </metadataStandardVersion>
    <spatialRepresentationInfo>
        <MD_VectorSpatialRepresentation>
            <topologyLevel>
                <MD_TopologyLevelCode codeList="http://www.isotc211.org/2005/resources/Codelist/gmxCodelists.xml#MD_TopologyLevelCode" codeListValue="geometryOnly" codeSpace="ISOTC211/19115">geometryOnly</MD_TopologyLevelCode>
            </topologyLevel>
            <geometricObjects>
                <MD_GeometricObjects>
                    <geometricObjectType>
                        <MD_GeometricObjectTypeCode codeList="http://www.isotc211.org/2005/resources/Codelist/gmxCodelists.xml#MD_GeometricObjectTypeCode" codeListValue="point" codeSpace="ISOTC211/19115">point</MD_GeometricObjectTypeCode>
                    </geometricObjectType>
                    <geometricObjectCount>
                        <gco:Integer>52184</gco:Integer>
                    </geometricObjectCount>
                </MD_GeometricObjects>
            </geometricObjects>
        </MD_VectorSpatialRepresentation>
    </spatialRepresentationInfo>
    <referenceSystemInfo>
        <MD_ReferenceSystem>
            <referenceSystemIdentifier>
                <RS_Identifier>
                    <code>
                        <gco:CharacterString>4269</gco:CharacterString>
                    </code>
                    <codeSpace>
                        <gco:CharacterString>EPSG</gco:CharacterString>
                    </codeSpace>
                    <version>
                        <gco:CharacterString>6.12(3.0.1)</gco:CharacterString>
                    </version>
                </RS_Identifier>
            </referenceSystemIdentifier>
        </MD_ReferenceSystem>
    </referenceSystemInfo>
    <identificationInfo>
        <MD_DataIdentification>
            <citation>
                <CI_Citation>
                    <title>
                        <gco:CharacterString>STRUCT_POINT</gco:CharacterString>
                    </title>
                    <date>
                        <CI_Date>
                            <date>
                                <gco:Date>2020-02-06</gco:Date>
                            </date>
                            <dateType>
                                <CI_DateTypeCode codeList="http://www.isotc211.org/2005/resources/Codelist/gmxCodelists.xml#CI_DateTypeCode" codeListValue="publication" codeSpace="ISOTC211/19115">publication</CI_DateTypeCode>
                            </dateType>
                        </CI_Date>
                    </date>
                    <citedResponsibleParty>
                        <CI_ResponsibleParty>
                            <organisationName>
                                <gco:CharacterString>U.S. Geological Survey</gco:CharacterString>
                            </organisationName>
                            <contactInfo gco:nilReason="missing"/>
                            <role>
                                <CI_RoleCode codeList="http://www.isotc211.org/2005/resources/Codelist/gmxCodelists.xml#CI_RoleCode" codeListValue="originator" codeSpace="ISOTC211/19115">originator</CI_RoleCode>
                            </role>
                        </CI_ResponsibleParty>
                    </citedResponsibleParty>
                    <presentationForm>
                        <CI_PresentationFormCode codeList="http://www.isotc211.org/2005/resources/Codelist/gmxCodelists.xml#CI_PresentationFormCode" codeListValue="mapDigital" codeSpace="ISOTC211/19115">mapDigital</CI_PresentationFormCode>
                    </presentationForm>
                </CI_Citation>
            </citation>
            <abstract>
                <gco:CharacterString>This dataset contains point features representing building locations of fire stations in the United States, District of Columbia, Puerto Rico and the U.S. Virgin Islands. The purpose of this collection is to represent the fire station locations on general purpose cartographic products. The data includes manned fire stations and buildings from which a fire response occurs, such as a volunteer fire department building to which fire fighters report for duty, but which is not continuously manned. The data includes both private and governmental entities. In some cases, where fire stations are known to exist but could not be located on a specific building, such as on a military base, airport or manufacturing location, a point was placed at the entrance or the general center of the facility or complex. Some fire locations are approximate, most prevalently in rural areas. Fire training facilities are not included unless these locations also have an active fire station. Locations solely for storing or maintaining fire equipment, or fire stations without a permanent location, were generally excluded.</gco:CharacterString>
            </abstract>
            <purpose>
                <gco:CharacterString>To document the spatial location of fire stations in the U.S. for general cartographic purposes on USGS mapping products at 1:24,000 scale.</gco:CharacterString>
            </purpose>
            <credit>
                <gco:CharacterString>Volunteers through USGS, The National Map Corps (TNM Corps) crowdsourcing project.</gco:CharacterString>
            </credit>
            <status>
                <MD_ProgressCode codeList="http://www.isotc211.org/2005/resources/Codelist/gmxCodelists.xml#MD_ProgressCode" codeListValue="underDevelopment" codeSpace="ISOTC211/19115">underDevelopment</MD_ProgressCode>
            </status>
            <pointOfContact>
                <CI_ResponsibleParty>
                    <organisationName>
                        <gco:CharacterString>U.S. Geological Survey, National Geospatial Technical Operations Center</gco:CharacterString>
                    </organisationName>
                    <contactInfo>
                        <CI_Contact>
                            <phone>
                                <CI_Telephone>
                                    <voice>
                                        <gco:CharacterString>1-888-ASK-USGS</gco:CharacterString>
                                    </voice>
                                </CI_Telephone>
                            </phone>
                            <address>
                                <CI_Address>
                                    <deliveryPoint>
                                        <gco:CharacterString>PO Box 25046, MS 510, DFC</gco:CharacterString>
                                    </deliveryPoint>
                                    <city>
                                        <gco:CharacterString>Denver</gco:CharacterString>
                                    </city>
                                    <administrativeArea>
                                        <gco:CharacterString>CO</gco:CharacterString>
                                    </administrativeArea>
                                    <postalCode>
                                        <gco:CharacterString>80225-0046</gco:CharacterString>
                                    </postalCode>
                                </CI_Address>
                            </address>
                        </CI_Contact>
                    </contactInfo>
                    <role>
                        <CI_RoleCode codeList="http://www.isotc211.org/2005/resources/Codelist/gmxCodelists.xml#CI_RoleCode" codeListValue="pointOfContact" codeSpace="ISOTC211/19115">pointOfContact</CI_RoleCode>
                    </role>
                </CI_ResponsibleParty>
            </pointOfContact>
            <resourceMaintenance>
                <MD_MaintenanceInformation>
                    <maintenanceAndUpdateFrequency>
                        <MD_MaintenanceFrequencyCode codeList="http://www.isotc211.org/2005/resources/Codelist/gmxCodelists.xml#MD_MaintenanceFrequencyCode" codeListValue="continual" codeSpace="ISOTC211/19115">continual</MD_MaintenanceFrequencyCode>
                    </maintenanceAndUpdateFrequency>
                </MD_MaintenanceInformation>
            </resourceMaintenance>
            <descriptiveKeywords>
                <MD_Keywords>
                    <keyword>
                        <gco:CharacterString>USA</gco:CharacterString>
                    </keyword>
                    <keyword>
                        <gco:CharacterString>CONUS</gco:CharacterString>
                    </keyword>
                    <keyword>
                        <gco:CharacterString>Continental United States</gco:CharacterString>
                    </keyword>
                    <keyword>
                        <gco:CharacterString>United States</gco:CharacterString>
                    </keyword>
                    <keyword>
                        <gco:CharacterString>U.S.</gco:CharacterString>
                    </keyword>
                    <keyword>
                        <gco:CharacterString>Puerto Rico</gco:CharacterString>
                    </keyword>
                    <keyword>
                        <gco:CharacterString>U.S. Virgin Islands</gco:CharacterString>
                    </keyword>
                    <keyword>
                        <gco:CharacterString>District of Columbia</gco:CharacterString>
                    </keyword>
                    <keyword>
                        <gco:CharacterString>Alaska</gco:CharacterString>
                    </keyword>
                    <keyword>
                        <gco:CharacterString>Hawaii</gco:CharacterString>
                    </keyword>
                    <type>
                        <MD_KeywordTypeCode codeList="http://www.isotc211.org/2005/resources/Codelist/gmxCodelists.xml#MD_KeywordTypeCode" codeListValue="place" codeSpace="ISOTC211/19115">place</MD_KeywordTypeCode>
                    </type>
                    <thesaurusName>
                        <CI_Citation>
                            <title>
                                <gco:CharacterString>Common geographic areas</gco:CharacterString>
                            </title>
                            <date gco:nilReason="missing"/>
                            <citedResponsibleParty gco:nilReason="missing"/>
                        </CI_Citation>
                    </thesaurusName>
                </MD_Keywords>
            </descriptiveKeywords>
            <descriptiveKeywords>
                <MD_Keywords>
                    <keyword>
                        <gco:CharacterString>USA</gco:CharacterString>
                    </keyword>
                    <keyword>
                        <gco:CharacterString>CONUS</gco:CharacterString>
                    </keyword>
                    <keyword>
                        <gco:CharacterString>Continental United States</gco:CharacterString>
                    </keyword>
                    <keyword>
                        <gco:CharacterString>United States</gco:CharacterString>
                    </keyword>
                    <keyword>
                        <gco:CharacterString>U.S.</gco:CharacterString>
                    </keyword>
                    <keyword>
                        <gco:CharacterString>Puerto Rico</gco:CharacterString>
                    </keyword>
                    <keyword>
                        <gco:CharacterString>U.S. Virgin Islands</gco:CharacterString>
                    </keyword>
                    <keyword>
                        <gco:CharacterString>District of Columbia</gco:CharacterString>
                    </keyword>
                    <keyword>
                        <gco:CharacterString>Alaska</gco:CharacterString>
                    </keyword>
                    <keyword>
                        <gco:CharacterString>Hawaii</gco:CharacterString>
                    </keyword>
                    <type>
                        <MD_KeywordTypeCode codeList="http://www.isotc211.org/2005/resources/Codelist/gmxCodelists.xml#MD_KeywordTypeCode" codeListValue="place" codeSpace="ISOTC211/19115">place</MD_KeywordTypeCode>
                    </type>
                    <thesaurusName>
                        <CI_Citation>
                            <title>
                                <gco:CharacterString>Common geographic areas</gco:CharacterString>
                            </title>
                            <date gco:nilReason="missing"/>
                            <citedResponsibleParty gco:nilReason="missing"/>
                        </CI_Citation>
                    </thesaurusName>
                </MD_Keywords>
            </descriptiveKeywords>
            <descriptiveKeywords>
                <MD_Keywords>
                    <keyword>
                        <gco:CharacterString>USA</gco:CharacterString>
                    </keyword>
                    <keyword>
                        <gco:CharacterString>CONUS</gco:CharacterString>
                    </keyword>
                    <keyword>
                        <gco:CharacterString>Continental United States</gco:CharacterString>
                    </keyword>
                    <keyword>
                        <gco:CharacterString>United States</gco:CharacterString>
                    </keyword>
                    <keyword>
                        <gco:CharacterString>U.S.</gco:CharacterString>
                    </keyword>
                    <keyword>
                        <gco:CharacterString>Puerto Rico</gco:CharacterString>
                    </keyword>
                    <keyword>
                        <gco:CharacterString>U.S. Virgin Islands</gco:CharacterString>
                    </keyword>
                    <keyword>
                        <gco:CharacterString>District of Columbia</gco:CharacterString>
                    </keyword>
                    <keyword>
                        <gco:CharacterString>Alaska</gco:CharacterString>
                    </keyword>
                    <keyword>
                        <gco:CharacterString>Hawaii</gco:CharacterString>
                    </keyword>
                    <type>
                        <MD_KeywordTypeCode codeList="http://www.isotc211.org/2005/resources/Codelist/gmxCodelists.xml#MD_KeywordTypeCode" codeListValue="place" codeSpace="ISOTC211/19115">place</MD_KeywordTypeCode>
                    </type>
                    <thesaurusName>
                        <CI_Citation>
                            <title>
                                <gco:CharacterString>Common geographic areas</gco:CharacterString>
                            </title>
                            <date gco:nilReason="missing"/>
                            <citedResponsibleParty gco:nilReason="missing"/>
                        </CI_Citation>
                    </thesaurusName>
                </MD_Keywords>
            </descriptiveKeywords>
            <descriptiveKeywords>
                <MD_Keywords>
                    <keyword>
                        <gco:CharacterString>USA</gco:CharacterString>
                    </keyword>
                    <keyword>
                        <gco:CharacterString>CONUS</gco:CharacterString>
                    </keyword>
                    <keyword>
                        <gco:CharacterString>Continental United States</gco:CharacterString>
                    </keyword>
                    <keyword>
                        <gco:CharacterString>United States</gco:CharacterString>
                    </keyword>
                    <keyword>
                        <gco:CharacterString>U.S.</gco:CharacterString>
                    </keyword>
                    <keyword>
                        <gco:CharacterString>Puerto Rico</gco:CharacterString>
                    </keyword>
                    <keyword>
                        <gco:CharacterString>U.S. Virgin Islands</gco:CharacterString>
                    </keyword>
                    <keyword>
                        <gco:CharacterString>District of Columbia</gco:CharacterString>
                    </keyword>
                    <keyword>
                        <gco:CharacterString>Alaska</gco:CharacterString>
                    </keyword>
                    <keyword>
                        <gco:CharacterString>Hawaii</gco:CharacterString>
                    </keyword>
                    <type>
                        <MD_KeywordTypeCode codeList="http://www.isotc211.org/2005/resources/Codelist/gmxCodelists.xml#MD_KeywordTypeCode" codeListValue="place" codeSpace="ISOTC211/19115">place</MD_KeywordTypeCode>
                    </type>
                    <thesaurusName>
                        <CI_Citation>
                            <title>
                                <gco:CharacterString>Common geographic areas</gco:CharacterString>
                            </title>
                            <date gco:nilReason="missing"/>
                            <citedResponsibleParty gco:nilReason="missing"/>
                        </CI_Citation>
                    </thesaurusName>
                </MD_Keywords>
            </descriptiveKeywords>
            <descriptiveKeywords>
                <MD_Keywords>
                    <keyword>
                        <gco:CharacterString>USA</gco:CharacterString>
                    </keyword>
                    <keyword>
                        <gco:CharacterString>CONUS</gco:CharacterString>
                    </keyword>
                    <keyword>
                        <gco:CharacterString>Continental United States</gco:CharacterString>
                    </keyword>
                    <keyword>
                        <gco:CharacterString>United States</gco:CharacterString>
                    </keyword>
                    <keyword>
                        <gco:CharacterString>U.S.</gco:CharacterString>
                    </keyword>
                    <keyword>
                        <gco:CharacterString>Puerto Rico</gco:CharacterString>
                    </keyword>
                    <keyword>
                        <gco:CharacterString>U.S. Virgin Islands</gco:CharacterString>
                    </keyword>
                    <keyword>
                        <gco:CharacterString>District of Columbia</gco:CharacterString>
                    </keyword>
                    <keyword>
                        <gco:CharacterString>Alaska</gco:CharacterString>
                    </keyword>
                    <keyword>
                        <gco:CharacterString>Hawaii</gco:CharacterString>
                    </keyword>
                    <type>
                        <MD_KeywordTypeCode codeList="http://www.isotc211.org/2005/resources/Codelist/gmxCodelists.xml#MD_KeywordTypeCode" codeListValue="place" codeSpace="ISOTC211/19115">place</MD_KeywordTypeCode>
                    </type>
                    <thesaurusName>
                        <CI_Citation>
                            <title>
                                <gco:CharacterString>Common geographic areas</gco:CharacterString>
                            </title>
                            <date gco:nilReason="missing"/>
                            <citedResponsibleParty gco:nilReason="missing"/>
                        </CI_Citation>
                    </thesaurusName>
                </MD_Keywords>
            </descriptiveKeywords>
            <descriptiveKeywords>
                <MD_Keywords>
                    <keyword>
                        <gco:CharacterString>USA</gco:CharacterString>
                    </keyword>
                    <keyword>
                        <gco:CharacterString>CONUS</gco:CharacterString>
                    </keyword>
                    <keyword>
                        <gco:CharacterString>Continental United States</gco:CharacterString>
                    </keyword>
                    <keyword>
                        <gco:CharacterString>United States</gco:CharacterString>
                    </keyword>
                    <keyword>
                        <gco:CharacterString>U.S.</gco:CharacterString>
                    </keyword>
                    <keyword>
                        <gco:CharacterString>Puerto Rico</gco:CharacterString>
                    </keyword>
                    <keyword>
                        <gco:CharacterString>U.S. Virgin Islands</gco:CharacterString>
                    </keyword>
                    <keyword>
                        <gco:CharacterString>District of Columbia</gco:CharacterString>
                    </keyword>
                    <keyword>
                        <gco:CharacterString>Alaska</gco:CharacterString>
                    </keyword>
                    <keyword>
                        <gco:CharacterString>Hawaii</gco:CharacterString>
                    </keyword>
                    <type>
                        <MD_KeywordTypeCode codeList="http://www.isotc211.org/2005/resources/Codelist/gmxCodelists.xml#MD_KeywordTypeCode" codeListValue="place" codeSpace="ISOTC211/19115">place</MD_KeywordTypeCode>
                    </type>
                    <thesaurusName>
                        <CI_Citation>
                            <title>
                                <gco:CharacterString>Common geographic areas</gco:CharacterString>
                            </title>
                            <date gco:nilReason="missing"/>
                            <citedResponsibleParty gco:nilReason="missing"/>
                        </CI_Citation>
                    </thesaurusName>
                </MD_Keywords>
            </descriptiveKeywords>
            <descriptiveKeywords>
                <MD_Keywords>
                    <keyword>
                        <gco:CharacterString>USA</gco:CharacterString>
                    </keyword>
                    <keyword>
                        <gco:CharacterString>CONUS</gco:CharacterString>
                    </keyword>
                    <keyword>
                        <gco:CharacterString>Continental United States</gco:CharacterString>
                    </keyword>
                    <keyword>
                        <gco:CharacterString>United States</gco:CharacterString>
                    </keyword>
                    <keyword>
                        <gco:CharacterString>U.S.</gco:CharacterString>
                    </keyword>
                    <keyword>
                        <gco:CharacterString>Puerto Rico</gco:CharacterString>
                    </keyword>
                    <keyword>
                        <gco:CharacterString>U.S. Virgin Islands</gco:CharacterString>
                    </keyword>
                    <keyword>
                        <gco:CharacterString>District of Columbia</gco:CharacterString>
                    </keyword>
                    <keyword>
                        <gco:CharacterString>Alaska</gco:CharacterString>
                    </keyword>
                    <keyword>
                        <gco:CharacterString>Hawaii</gco:CharacterString>
                    </keyword>
                    <type>
                        <MD_KeywordTypeCode codeList="http://www.isotc211.org/2005/resources/Codelist/gmxCodelists.xml#MD_KeywordTypeCode" codeListValue="place" codeSpace="ISOTC211/19115">place</MD_KeywordTypeCode>
                    </type>
                    <thesaurusName>
                        <CI_Citation>
                            <title>
                                <gco:CharacterString>Common geographic areas</gco:CharacterString>
                            </title>
                            <date gco:nilReason="missing"/>
                            <citedResponsibleParty gco:nilReason="missing"/>
                        </CI_Citation>
                    </thesaurusName>
                </MD_Keywords>
            </descriptiveKeywords>
            <descriptiveKeywords>
                <MD_Keywords>
                    <keyword>
                        <gco:CharacterString>USA</gco:CharacterString>
                    </keyword>
                    <keyword>
                        <gco:CharacterString>CONUS</gco:CharacterString>
                    </keyword>
                    <keyword>
                        <gco:CharacterString>Continental United States</gco:CharacterString>
                    </keyword>
                    <keyword>
                        <gco:CharacterString>United States</gco:CharacterString>
                    </keyword>
                    <keyword>
                        <gco:CharacterString>U.S.</gco:CharacterString>
                    </keyword>
                    <keyword>
                        <gco:CharacterString>Puerto Rico</gco:CharacterString>
                    </keyword>
                    <keyword>
                        <gco:CharacterString>U.S. Virgin Islands</gco:CharacterString>
                    </keyword>
                    <keyword>
                        <gco:CharacterString>District of Columbia</gco:CharacterString>
                    </keyword>
                    <keyword>
                        <gco:CharacterString>Alaska</gco:CharacterString>
                    </keyword>
                    <keyword>
                        <gco:CharacterString>Hawaii</gco:CharacterString>
                    </keyword>
                    <type>
                        <MD_KeywordTypeCode codeList="http://www.isotc211.org/2005/resources/Codelist/gmxCodelists.xml#MD_KeywordTypeCode" codeListValue="place" codeSpace="ISOTC211/19115">place</MD_KeywordTypeCode>
                    </type>
                    <thesaurusName>
                        <CI_Citation>
                            <title>
                                <gco:CharacterString>Common geographic areas</gco:CharacterString>
                            </title>
                            <date gco:nilReason="missing"/>
                            <citedResponsibleParty gco:nilReason="missing"/>
                        </CI_Citation>
                    </thesaurusName>
                </MD_Keywords>
            </descriptiveKeywords>
            <descriptiveKeywords>
                <MD_Keywords>
                    <keyword>
                        <gco:CharacterString>USA</gco:CharacterString>
                    </keyword>
                    <keyword>
                        <gco:CharacterString>CONUS</gco:CharacterString>
                    </keyword>
                    <keyword>
                        <gco:CharacterString>Continental United States</gco:CharacterString>
                    </keyword>
                    <keyword>
                        <gco:CharacterString>United States</gco:CharacterString>
                    </keyword>
                    <keyword>
                        <gco:CharacterString>U.S.</gco:CharacterString>
                    </keyword>
                    <keyword>
                        <gco:CharacterString>Puerto Rico</gco:CharacterString>
                    </keyword>
                    <keyword>
                        <gco:CharacterString>U.S. Virgin Islands</gco:CharacterString>
                    </keyword>
                    <keyword>
                        <gco:CharacterString>District of Columbia</gco:CharacterString>
                    </keyword>
                    <keyword>
                        <gco:CharacterString>Alaska</gco:CharacterString>
                    </keyword>
                    <keyword>
                        <gco:CharacterString>Hawaii</gco:CharacterString>
                    </keyword>
                    <type>
                        <MD_KeywordTypeCode codeList="http://www.isotc211.org/2005/resources/Codelist/gmxCodelists.xml#MD_KeywordTypeCode" codeListValue="place" codeSpace="ISOTC211/19115">place</MD_KeywordTypeCode>
                    </type>
                    <thesaurusName>
                        <CI_Citation>
                            <title>
                                <gco:CharacterString>Common geographic areas</gco:CharacterString>
                            </title>
                            <date gco:nilReason="missing"/>
                            <citedResponsibleParty gco:nilReason="missing"/>
                        </CI_Citation>
                    </thesaurusName>
                </MD_Keywords>
            </descriptiveKeywords>
            <descriptiveKeywords>
                <MD_Keywords>
                    <keyword>
                        <gco:CharacterString>USA</gco:CharacterString>
                    </keyword>
                    <keyword>
                        <gco:CharacterString>CONUS</gco:CharacterString>
                    </keyword>
                    <keyword>
                        <gco:CharacterString>Continental United States</gco:CharacterString>
                    </keyword>
                    <keyword>
                        <gco:CharacterString>United States</gco:CharacterString>
                    </keyword>
                    <keyword>
                        <gco:CharacterString>U.S.</gco:CharacterString>
                    </keyword>
                    <keyword>
                        <gco:CharacterString>Puerto Rico</gco:CharacterString>
                    </keyword>
                    <keyword>
                        <gco:CharacterString>U.S. Virgin Islands</gco:CharacterString>
                    </keyword>
                    <keyword>
                        <gco:CharacterString>District of Columbia</gco:CharacterString>
                    </keyword>
                    <keyword>
                        <gco:CharacterString>Alaska</gco:CharacterString>
                    </keyword>
                    <keyword>
                        <gco:CharacterString>Hawaii</gco:CharacterString>
                    </keyword>
                    <type>
                        <MD_KeywordTypeCode codeList="http://www.isotc211.org/2005/resources/Codelist/gmxCodelists.xml#MD_KeywordTypeCode" codeListValue="place" codeSpace="ISOTC211/19115">place</MD_KeywordTypeCode>
                    </type>
                    <thesaurusName>
                        <CI_Citation>
                            <title>
                                <gco:CharacterString>Common geographic areas</gco:CharacterString>
                            </title>
                            <date gco:nilReason="missing"/>
                            <citedResponsibleParty gco:nilReason="missing"/>
                        </CI_Citation>
                    </thesaurusName>
                </MD_Keywords>
            </descriptiveKeywords>
            <descriptiveKeywords>
                <MD_Keywords>
                    <keyword>
                        <gco:CharacterString>structure</gco:CharacterString>
                    </keyword>
                    <type>
                        <MD_KeywordTypeCode codeList="http://www.isotc211.org/2005/resources/Codelist/gmxCodelists.xml#MD_KeywordTypeCode" codeListValue="theme" codeSpace="ISOTC211/19115">theme</MD_KeywordTypeCode>
                    </type>
                    <thesaurusName>
                        <CI_Citation>
                            <title>
                                <gco:CharacterString>ISO 19115 Topic Category</gco:CharacterString>
                            </title>
                            <date gco:nilReason="missing"/>
                            <citedResponsibleParty gco:nilReason="missing"/>
                        </CI_Citation>
                    </thesaurusName>
                </MD_Keywords>
            </descriptiveKeywords>
            <descriptiveKeywords>
                <MD_Keywords>
                    <keyword>
                        <gco:CharacterString>fire station</gco:CharacterString>
                    </keyword>
                    <keyword>
                        <gco:CharacterString>fire department</gco:CharacterString>
                    </keyword>
                    <keyword>
                        <gco:CharacterString>fire and rescue</gco:CharacterString>
                    </keyword>
                    <keyword>
                        <gco:CharacterString>building</gco:CharacterString>
                    </keyword>
                    <keyword>
                        <gco:CharacterString>structure</gco:CharacterString>
                    </keyword>
                    <keyword>
                        <gco:CharacterString>fire rescue</gco:CharacterString>
                    </keyword>
                    <type>
                        <MD_KeywordTypeCode codeList="http://www.isotc211.org/2005/resources/Codelist/gmxCodelists.xml#MD_KeywordTypeCode" codeListValue="theme" codeSpace="ISOTC211/19115">theme</MD_KeywordTypeCode>
                    </type>
                </MD_Keywords>
            </descriptiveKeywords>
            <descriptiveKeywords>
                <MD_Keywords>
                    <keyword>
                        <gco:CharacterString>fire station</gco:CharacterString>
                    </keyword>
                    <keyword>
                        <gco:CharacterString>fire department</gco:CharacterString>
                    </keyword>
                    <keyword>
                        <gco:CharacterString>fire and rescue</gco:CharacterString>
                    </keyword>
                    <keyword>
                        <gco:CharacterString>building</gco:CharacterString>
                    </keyword>
                    <keyword>
                        <gco:CharacterString>structure</gco:CharacterString>
                    </keyword>
                    <keyword>
                        <gco:CharacterString>fire rescue</gco:CharacterString>
                    </keyword>
                    <type>
                        <MD_KeywordTypeCode codeList="http://www.isotc211.org/2005/resources/Codelist/gmxCodelists.xml#MD_KeywordTypeCode" codeListValue="theme" codeSpace="ISOTC211/19115">theme</MD_KeywordTypeCode>
                    </type>
                </MD_Keywords>
            </descriptiveKeywords>
            <descriptiveKeywords>
                <MD_Keywords>
                    <keyword>
                        <gco:CharacterString>fire station</gco:CharacterString>
                    </keyword>
                    <keyword>
                        <gco:CharacterString>fire department</gco:CharacterString>
                    </keyword>
                    <keyword>
                        <gco:CharacterString>fire and rescue</gco:CharacterString>
                    </keyword>
                    <keyword>
                        <gco:CharacterString>building</gco:CharacterString>
                    </keyword>
                    <keyword>
                        <gco:CharacterString>structure</gco:CharacterString>
                    </keyword>
                    <keyword>
                        <gco:CharacterString>fire rescue</gco:CharacterString>
                    </keyword>
                    <type>
                        <MD_KeywordTypeCode codeList="http://www.isotc211.org/2005/resources/Codelist/gmxCodelists.xml#MD_KeywordTypeCode" codeListValue="theme" codeSpace="ISOTC211/19115">theme</MD_KeywordTypeCode>
                    </type>
                </MD_Keywords>
            </descriptiveKeywords>
            <descriptiveKeywords>
                <MD_Keywords>
                    <keyword>
                        <gco:CharacterString>fire station</gco:CharacterString>
                    </keyword>
                    <keyword>
                        <gco:CharacterString>fire department</gco:CharacterString>
                    </keyword>
                    <keyword>
                        <gco:CharacterString>fire and rescue</gco:CharacterString>
                    </keyword>
                    <keyword>
                        <gco:CharacterString>building</gco:CharacterString>
                    </keyword>
                    <keyword>
                        <gco:CharacterString>structure</gco:CharacterString>
                    </keyword>
                    <keyword>
                        <gco:CharacterString>fire rescue</gco:CharacterString>
                    </keyword>
                    <type>
                        <MD_KeywordTypeCode codeList="http://www.isotc211.org/2005/resources/Codelist/gmxCodelists.xml#MD_KeywordTypeCode" codeListValue="theme" codeSpace="ISOTC211/19115">theme</MD_KeywordTypeCode>
                    </type>
                </MD_Keywords>
            </descriptiveKeywords>
            <descriptiveKeywords>
                <MD_Keywords>
                    <keyword>
                        <gco:CharacterString>fire station</gco:CharacterString>
                    </keyword>
                    <keyword>
                        <gco:CharacterString>fire department</gco:CharacterString>
                    </keyword>
                    <keyword>
                        <gco:CharacterString>fire and rescue</gco:CharacterString>
                    </keyword>
                    <keyword>
                        <gco:CharacterString>building</gco:CharacterString>
                    </keyword>
                    <keyword>
                        <gco:CharacterString>structure</gco:CharacterString>
                    </keyword>
                    <keyword>
                        <gco:CharacterString>fire rescue</gco:CharacterString>
                    </keyword>
                    <type>
                        <MD_KeywordTypeCode codeList="http://www.isotc211.org/2005/resources/Codelist/gmxCodelists.xml#MD_KeywordTypeCode" codeListValue="theme" codeSpace="ISOTC211/19115">theme</MD_KeywordTypeCode>
                    </type>
                </MD_Keywords>
            </descriptiveKeywords>
            <descriptiveKeywords>
                <MD_Keywords>
                    <keyword>
                        <gco:CharacterString>fire station</gco:CharacterString>
                    </keyword>
                    <keyword>
                        <gco:CharacterString>fire department</gco:CharacterString>
                    </keyword>
                    <keyword>
                        <gco:CharacterString>fire and rescue</gco:CharacterString>
                    </keyword>
                    <keyword>
                        <gco:CharacterString>building</gco:CharacterString>
                    </keyword>
                    <keyword>
                        <gco:CharacterString>structure</gco:CharacterString>
                    </keyword>
                    <keyword>
                        <gco:CharacterString>fire rescue</gco:CharacterString>
                    </keyword>
                    <type>
                        <MD_KeywordTypeCode codeList="http://www.isotc211.org/2005/resources/Codelist/gmxCodelists.xml#MD_KeywordTypeCode" codeListValue="theme" codeSpace="ISOTC211/19115">theme</MD_KeywordTypeCode>
                    </type>
                </MD_Keywords>
            </descriptiveKeywords>
            <descriptiveKeywords>
                <MD_Keywords>
                    <keyword>
                        <gco:CharacterString>buildings</gco:CharacterString>
                    </keyword>
                    <type>
                        <MD_KeywordTypeCode codeList="http://www.isotc211.org/2005/resources/Codelist/gmxCodelists.xml#MD_KeywordTypeCode" codeListValue="theme" codeSpace="ISOTC211/19115">theme</MD_KeywordTypeCode>
                    </type>
                    <thesaurusName>
                        <CI_Citation>
                            <title>
                                <gco:CharacterString>Alexandria Digital Library Feature Type Thesaurus</gco:CharacterString>
                            </title>
                            <date gco:nilReason="missing"/>
                            <citedResponsibleParty gco:nilReason="missing"/>
                        </CI_Citation>
                    </thesaurusName>
                </MD_Keywords>
            </descriptiveKeywords>
            <descriptiveKeywords>
                <MD_Keywords>
                    <keyword>
                        <gco:CharacterString>Downloadable Data</gco:CharacterString>
                    </keyword>
                    <thesaurusName uuidref="723f6998-058e-11dc-8314-0800200c9a66"/>
                </MD_Keywords>
            </descriptiveKeywords>
            <resourceConstraints>
                <MD_Constraints>
                    <useLimitation>
                        <gco:CharacterString>None. Acknowledgement of the USGS is appreciated. This dataset is provided as is and intended for general mapping purposes. The information contained in these data are dynamic and could change over time. USGS makes no warranty about content accuracy or currentness of the data and assumes no liability for use of this data. User assumes responsibility for appropriate use and interpretation of the dataset.</gco:CharacterString>
                    </useLimitation>
                </MD_Constraints>
            </resourceConstraints>
            <resourceConstraints>
                <MD_LegalConstraints>
                    <useLimitation>
                        <gco:CharacterString>Unless otherwise stated, all data, metadata and related materials are considered to satisfy the quality standards relative to the purpose for which the data were collected. Although these data and associated metadata have been reviewed for accuracy and completeness and approved for release by the U.S. Geological Survey (USGS), no warranty expressed or implied is made regarding the display or utility of the data on any other system or for general or scientific purposes, nor shall the act of distribution constitute any such warranty.</gco:CharacterString>
                    </useLimitation>
                    <otherConstraints>
                        <gco:CharacterString>None. Please see 'Distribution Info' for details.</gco:CharacterString>
                    </otherConstraints>
                </MD_LegalConstraints>
            </resourceConstraints>
            <spatialRepresentationType>
                <MD_SpatialRepresentationTypeCode codeList="http://www.isotc211.org/2005/resources/Codelist/gmxCodelists.xml#MD_SpatialRepresentationTypeCode" codeListValue="vector" codeSpace="ISOTC211/19115">vector</MD_SpatialRepresentationTypeCode>
            </spatialRepresentationType>
            <language>
                <LanguageCode codeList="http://www.loc.gov/standards/iso639-2/php/code_list.php" codeListValue="eng" codeSpace="ISO639-2">eng</LanguageCode>
            </language>
            <characterSet>
                <MD_CharacterSetCode codeList="http://www.isotc211.org/2005/resources/Codelist/gmxCodelists.xml#MD_CharacterSetCode" codeListValue="utf8" codeSpace="ISOTC211/19115">utf8</MD_CharacterSetCode>
            </characterSet>
            <topicCategory>
                <MD_TopicCategoryCode>structure</MD_TopicCategoryCode>
            </topicCategory>
            <environmentDescription>
                <gco:CharacterString>Version 6.2 (Build 9200) ; Esri ArcGIS 10.5.1.7333</gco:CharacterString>
            </environmentDescription>
            <extent>
                <EX_Extent>
                    <description>
                        <gco:CharacterString>ground condition</gco:CharacterString>
                    </description>
                    <temporalElement>
                        <EX_TemporalExtent>
                            <extent>
                                <gml:TimePeriod gml:id="N65753">
                                    <gml:beginPosition>2007-08-01</gml:beginPosition>
                                    <gml:endPosition>2020-02-06</gml:endPosition>
                                </gml:TimePeriod>
                            </extent>
                        </EX_TemporalExtent>
                    </temporalElement>
                </EX_Extent>
            </extent>
            <extent>
                <EX_Extent>
                    <geographicElement>
                        <EX_GeographicBoundingBox>
                            <westBoundLongitude>
                                <gco:Decimal>-180</gco:Decimal>
                            </westBoundLongitude>
                            <eastBoundLongitude>
                                <gco:Decimal>-61.875</gco:Decimal>
                            </eastBoundLongitude>
                            <southBoundLatitude>
                                <gco:Decimal>16.9727</gco:Decimal>
                            </southBoundLatitude>
                            <northBoundLatitude>
                                <gco:Decimal>71.299</gco:Decimal>
                            </northBoundLatitude>
                        </EX_GeographicBoundingBox>
                    </geographicElement>
                </EX_Extent>
            </extent>
            <extent>
                <EX_Extent>
                    <geographicElement>
                        <EX_GeographicBoundingBox>
                            <extentTypeCode>
                                <gco:Boolean>true</gco:Boolean>
                            </extentTypeCode>
                            <westBoundLongitude>
                                <gco:Decimal>-176.642089</gco:Decimal>
                            </westBoundLongitude>
                            <eastBoundLongitude>
                                <gco:Decimal>-64.621126</gco:Decimal>
                            </eastBoundLongitude>
                            <southBoundLatitude>
                                <gco:Decimal>17.699575</gco:Decimal>
                            </southBoundLatitude>
                            <northBoundLatitude>
                                <gco:Decimal>71.298996</gco:Decimal>
                            </northBoundLatitude>
                        </EX_GeographicBoundingBox>
                    </geographicElement>
                </EX_Extent>
            </extent>
            <supplementalInformation>
                <gco:CharacterString>Dataset is compiled from multiple sources. The majority of updates since August 2013 were provided by volunteers through the USGS’ The National Map Corps (TNM Corps) crowdsourcing project.</gco:CharacterString>
            </supplementalInformation>
        </MD_DataIdentification>
    </identificationInfo>
    <distributionInfo>
        <MD_Distribution>
            <distributionFormat>
                <MD_Format>
                    <name>
                        <gco:CharacterString>File Geodatabase Feature Class</gco:CharacterString>
                    </name>
                    <version gco:nilReason="missing"/>
                </MD_Format>
            </distributionFormat>
            <distributor>
                <MD_Distributor>
                    <distributorContact>
                        <CI_ResponsibleParty>
                            <organisationName>
                                <gco:CharacterString>U.S. Geological Survey</gco:CharacterString>
                            </organisationName>
                            <contactInfo>
                                <CI_Contact>
                                    <phone>
                                        <CI_Telephone>
                                            <voice>
                                                <gco:CharacterString>1-888-ASK-USGS</gco:CharacterString>
                                            </voice>
                                        </CI_Telephone>
                                    </phone>
                                    <address>
                                        <CI_Address>
                                            <deliveryPoint>
                                                <gco:CharacterString>Denver Federal Center, Building 810, Mail Stop 302</gco:CharacterString>
                                            </deliveryPoint>
                                            <city>
                                                <gco:CharacterString>Denver</gco:CharacterString>
                                            </city>
                                            <administrativeArea>
                                                <gco:CharacterString>CO</gco:CharacterString>
                                            </administrativeArea>
                                            <postalCode>
                                                <gco:CharacterString>80225</gco:CharacterString>
                                            </postalCode>
                                            <country>
                                                <Country codeList="http://www.iso.org/iso/country_codes/iso_3166_code_lists.htm" codeListValue="US" codeSpace="ISO3166-1">US</Country>
                                            </country>
                                        </CI_Address>
                                    </address>
                                </CI_Contact>
                            </contactInfo>
                            <role>
                                <CI_RoleCode codeList="http://www.isotc211.org/2005/resources/Codelist/gmxCodelists.xml#CI_RoleCode" codeListValue="distributor" codeSpace="ISOTC211/19115">distributor</CI_RoleCode>
                            </role>
                        </CI_ResponsibleParty>
                    </distributorContact>
                    <distributionOrderProcess>
                        <MD_StandardOrderProcess>
                            <orderingInstructions>
                                <gco:CharacterString>Dataset is available online through USGS, The National Map. https://www.usgs.gov/core-science-systems/national-geospatial-program/national-map Data is part of The National Map Themes, Structures Data. It is available for download using The National Map Viewer or from the USGS Amazon Cloud location. https://www.usgs.gov/core-science-systems/ngp/tnm-delivery/gis-data-download?qt-science_support_page_related_con=0#qt-science_support_page_related_con Downloaded data contains all point features in the Structures Data database.</gco:CharacterString>
                            </orderingInstructions>
                        </MD_StandardOrderProcess>
                    </distributionOrderProcess>
                </MD_Distributor>
            </distributor>
            <transferOptions>
                <MD_DigitalTransferOptions/>
            </transferOptions>
        </MD_Distribution>
    </distributionInfo>
    <dataQualityInfo>
        <DQ_DataQuality>
            <scope>
                <DQ_Scope>
                    <level>
                        <MD_ScopeCode codeList="http://www.isotc211.org/2005/resources/Codelist/gmxCodelists.xml#MD_ScopeCode" codeListValue="dataset" codeSpace="ISOTC211/19115">dataset</MD_ScopeCode>
                    </level>
                </DQ_Scope>
            </scope>
            <report>
                <DQ_ConceptualConsistency>
                    <measureDescription>
                        <gco:CharacterString>See Attribute Accuracy Report</gco:CharacterString>
                    </measureDescription>
                    <result gco:nilReason="missing"/>
                </DQ_ConceptualConsistency>
            </report>
            <report>
                <DQ_CompletenessOmission>
                    <measureDescription>
                        <gco:CharacterString>This data contains points for fire station buildings. The data includes both private and governmental entities. Some fire locations are approximate, most prevalently in rural areas. Fire training facilities are not included unless these locations also have an active fire station. Locations solely for storing or maintaining fire equipment, or fire stations without a permanent location, were generally excluded.</gco:CharacterString>
                    </measureDescription>
                    <result gco:nilReason="missing"/>
                </DQ_CompletenessOmission>
            </report>
            <report>
                <DQ_QuantitativeAttributeAccuracy>
                    <measureDescription>
                        <gco:CharacterString>Volunteer submissions are randomly sampled and reviewed for attribute and spatial accuracy. Points edited by volunteers which failed automatic checks, such as for required information or formatting, are reviewed by USGS staff. All points marked for deletion by volunteers are reviewed by USGS staff. USGS staff primarily conduct internet research and use aerial imagery to confirm volunteer submissions. A full data review of all features is not conducted. Past accuracy tests based on random samples of volunteer submissions found a 90-95% accuracy range for location of a point and name of a feature. Errors of omission were not tested.</gco:CharacterString>
                    </measureDescription>
                    <result gco:nilReason="missing"/>
                </DQ_QuantitativeAttributeAccuracy>
            </report>
            <report>
                <DQ_AbsoluteExternalPositionalAccuracy>
                    <measureDescription>
                        <gco:CharacterString>Horizontal accuracy is based on accuracy of imagery used to verify location, generally at NAIP accuracy or better. No formal accuracy tests were performed on the data.</gco:CharacterString>
                    </measureDescription>
                    <result gco:nilReason="missing"/>
                </DQ_AbsoluteExternalPositionalAccuracy>
            </report>
            <report>
                <DQ_AbsoluteExternalPositionalAccuracy>
                    <measureDescription>
                        <gco:CharacterString>Not applicable</gco:CharacterString>
                    </measureDescription>
                    <result gco:nilReason="missing"/>
                </DQ_AbsoluteExternalPositionalAccuracy>
            </report>
            <lineage>
                <LI_Lineage>
                    <processStep>
                        <LI_ProcessStep>
                            <description>
                                <gco:CharacterString>Point data from the National Structures Dataset (NSD) is exposed to TNM Corps volunteers using an online map editor (https://edits.nationalmap.gov/tnmcorps/). Volunteers can use the editor to create points for missing data, update existing point attribution, move points using map and image backgrounds, or delete features which are no longer valid. Volunteers may use personal knowledge or conduct internet research to located and update attribution. Attributes of edited points are checked with automated filters to find common formatting and spelling errors. Points which fail automatic filter checks and all points marked for deletion by volunteers are reviewed by USGS staff. Edited data is ingested into the NSD through an internal process. This dataset is subject to constant change as points are reviewed and updated by volunteers.</gco:CharacterString>
                            </description>
                            <dateTime>
                                <gco:DateTime>2020-02-06T00:00:00</gco:DateTime>
                            </dateTime>
                        </LI_ProcessStep>
                    </processStep>
                    <source>
                        <LI_Source>
                            <description>
                                <gco:CharacterString>Volunteers provide position of point, name of feature and associated physical location attributes such as street address, city, state, zip code.</gco:CharacterString>
                            </description>
                            <sourceCitation>
                                <CI_Citation>
                                    <title>
                                        <gco:CharacterString>The National Map Corps volunteer crowdsourcing project, U.S. Geological Survey</gco:CharacterString>
                                    </title>
                                    <date>
                                        <CI_Date>
                                            <date>
                                                <gco:Date>2020-02-06</gco:Date>
                                            </date>
                                            <dateType>
                                                <CI_DateTypeCode codeList="http://www.isotc211.org/2005/resources/Codelist/gmxCodelists.xml#CI_DateTypeCode" codeListValue="publication" codeSpace="ISOTC211/19115">publication</CI_DateTypeCode>
                                            </dateType>
                                        </CI_Date>
                                    </date>
                                    <citedResponsibleParty gco:nilReason="missing"/>
                                </CI_Citation>
                            </sourceCitation>
                            <sourceExtent>
                                <EX_Extent>
                                    <description>
                                        <gco:CharacterString>ground condition</gco:CharacterString>
                                    </description>
                                    <temporalElement>
                                        <EX_TemporalExtent>
                                            <extent>
                                                <gml:TimePeriod gml:id="N65929">
                                                    <gml:beginPosition>2013-08-01</gml:beginPosition>
                                                    <gml:endPosition>2020-20-06</gml:endPosition>
                                                </gml:TimePeriod>
                                            </extent>
                                        </EX_TemporalExtent>
                                    </temporalElement>
                                </EX_Extent>
                            </sourceExtent>
                        </LI_Source>
                    </source>
                    <source>
                        <LI_Source>
                            <description>
                                <gco:CharacterString>Point location, feature name, address, city, state, zipcode. Completion of attributes varied by feature.</gco:CharacterString>
                            </description>
                            <sourceCitation>
                                <CI_Citation>
                                    <title>
                                        <gco:CharacterString>Point locations of fire station buildings by various State agencies</gco:CharacterString>
                                    </title>
                                    <date>
                                        <CI_Date>
                                            <date>
                                                <gco:Date>2013-07-31</gco:Date>
                                            </date>
                                            <dateType>
                                                <CI_DateTypeCode codeList="http://www.isotc211.org/2005/resources/Codelist/gmxCodelists.xml#CI_DateTypeCode" codeListValue="publication" codeSpace="ISOTC211/19115">publication</CI_DateTypeCode>
                                            </dateType>
                                        </CI_Date>
                                    </date>
                                    <citedResponsibleParty gco:nilReason="missing"/>
                                </CI_Citation>
                            </sourceCitation>
                            <sourceExtent>
                                <EX_Extent>
                                    <description>
                                        <gco:CharacterString>publication date</gco:CharacterString>
                                    </description>
                                    <temporalElement>
                                        <EX_TemporalExtent>
                                            <extent>
                                                <gml:TimePeriod gml:id="N65971">
                                                    <gml:beginPosition>2007-01-01</gml:beginPosition>
                                                    <gml:endPosition>2013-07-31</gml:endPosition>
                                                </gml:TimePeriod>
                                            </extent>
                                        </EX_TemporalExtent>
                                    </temporalElement>
                                </EX_Extent>
                            </sourceExtent>
                        </LI_Source>
                    </source>
                </LI_Lineage>
            </lineage>
        </DQ_DataQuality>
    </dataQualityInfo>
</MD_Metadata>
